e0000	father	e0001
e0002	father	e0003
e0004	father	e0005
e0006	father	e0007
e0008	father	e0009
e0010	father	e0011
e0012	father	e0013
e0014	father	e0015
e0016	father	e0017
e0018	father	e0019
e0020	father	e0021
e0022	father	e0023
e0024	father	e0025
e0026	father	e0027
e0028	father	e0029
e0030	father	e0031
e0032	father	e0033
e0034	father	e0035
e0036	father	e0037
e0038	father	e0039
e0040	father	e0041
e0042	father	e0043
e0044	father	e0045
e0046	father	e0047
e0048	father	e0049
e0050	father	e0051
e0052	father	e0053
e0054	father	e0055
e0056	father	e0057
e0058	father	e0059
e0060	father	e0061
e0062	father	e0063
e0064	father	e0065
e0066	father	e0067
e0068	father	e0069
e0070	father	e0071
e0072	father	e0073
e0074	father	e0075
e0076	father	e0077
e0078	father	e0079
e0080	father	e0081
e0082	father	e0083
e0084	father	e0085
e0086	father	e0087
e0088	father	e0089
e0090	father	e0091
e0092	father	e0093
e0094	father	e0095
e0096	father	e0097
e0098	father	e0099
e0100	father	e0101
e0102	father	e0103
e0104	father	e0105
e0106	father	e0107
e0108	father	e0109
e0110	father	e0111
e0112	father	e0113
e0114	father	e0115
e0116	father	e0117
e0118	father	e0119
e0120	father	e0121
e0122	father	e0123
e0124	father	e0125
e0126	father	e0127
e0128	father	e0129
e0130	father	e0131
e0132	father	e0133
e0134	father	e0135
e0136	father	e0137
e0138	father	e0139
e0140	father	e0141
e0142	father	e0143
e0144	father	e0145
e0146	father	e0147
e0148	father	e0149
e0150	father	e0151
e0152	father	e0153
e0154	father	e0155
e0156	father	e0157
e0158	father	e0159
e0160	father	e0161
e0162	father	e0163
e0164	father	e0165
e0166	father	e0167
e0168	father	e0169
e0170	father	e0171
e0172	father	e0173
e0174	father	e0175
e0176	father	e0177
e0178	father	e0179
e0180	father	e0181
e0182	father	e0183
e0184	father	e0185
e0186	father	e0187
e0188	father	e0189
e0190	father	e0191
e0192	father	e0193
e0194	father	e0195
e0196	father	e0197
e0198	father	e0199
e0200	father	e0201
e0202	father	e0203
e0204	father	e0205
e0206	father	e0207
e0208	father	e0209
e0210	father	e0211
e0212	father	e0213
e0214	father	e0215
e0216	father	e0217
e0218	father	e0219
e0220	father	e0221
e0222	father	e0223
e0224	father	e0225
e0226	father	e0227
e0228	father	e0229
e0230	father	e0231
e0232	father	e0233
e0234	father	e0235
e0236	father	e0237
e0238	father	e0239
e0240	father	e0241
e0242	father	e0243
e0244	father	e0245
e0246	father	e0247
e0248	father	e0249
e0250	father	e0251
e0252	father	e0253
e0254	father	e0255
e0256	father	e0257
e0258	father	e0259
e0260	father	e0261
e0262	father	e0263
e0264	father	e0265
e0266	father	e0267
e0268	father	e0269
e0270	father	e0271
e0272	father	e0273
e0274	father	e0275
e0276	father	e0277
e0278	father	e0279
e0280	father	e0281
e0282	father	e0283
e0284	father	e0285
e0286	father	e0287
e0288	father	e0289
e0290	father	e0291
e0292	father	e0293
e0294	father	e0295
e0296	father	e0297
e0298	father	e0299
e0300	father	e0301
e0302	father	e0303
e0304	father	e0305
e0306	father	e0307
e0308	father	e0309
e0310	father	e0311
e0312	father	e0313
e0314	father	e0315
e0316	father	e0317
e0318	father	e0319
e0320	father	e0321
e0322	father	e0323
e0324	father	e0325
e0326	father	e0327
e0328	father	e0329
e0330	father	e0331
e0332	father	e0333
e0334	father	e0335
e0336	father	e0337
e0338	father	e0339
e0340	father	e0341
e0342	father	e0343
e0344	father	e0345
e0346	father	e0347
e0348	father	e0349
e0350	father	e0351
e0352	father	e0353
e0354	father	e0355
e0356	father	e0357
e0358	father	e0359
e0360	father	e0361
e0362	father	e0363
e0364	father	e0365
e0366	father	e0367
e0368	father	e0369
e0370	father	e0371
e0372	father	e0373
e0374	father	e0375
e0376	father	e0377
e0378	father	e0379
e0380	father	e0381
e0382	father	e0383
e0384	father	e0385
e0386	father	e0387
e0388	father	e0389
e0390	father	e0391
e0392	father	e0393
e0394	father	e0395
e0396	father	e0397
e0398	father	e0399
e0400	father	e0401
e0402	father	e0403
e0404	father	e0405
e0406	father	e0407
e0408	father	e0409
e0410	father	e0411
e0412	father	e0413
e0414	father	e0415
e0416	father	e0417
e0418	father	e0419
e0420	father	e0421
e0422	father	e0423
e0424	father	e0425
e0426	father	e0427
e0428	father	e0429
e0430	father	e0431
e0432	father	e0433
e0434	father	e0435
e0436	father	e0437
e0438	father	e0439
e0440	father	e0441
e0442	father	e0443
e0444	father	e0445
e0446	father	e0447
e0448	father	e0449
e0450	father	e0451
e0452	father	e0453
e0454	father	e0455
e0456	father	e0457
e0458	father	e0459
e0460	father	e0461
e0462	father	e0463
e0464	father	e0465
e0466	father	e0467
e0468	father	e0469
e0470	father	e0471
e0472	father	e0473
e0474	father	e0475
e0476	father	e0477
e0478	father	e0479
e0480	father	e0481
e0482	father	e0483
e0484	father	e0485
e0486	father	e0487
e0488	father	e0489
e0490	father	e0491
e0492	father	e0493
e0494	father	e0495
e0496	father	e0497
e0498	father	e0499
e0500	father	e0501
e0502	father	e0503
e0504	father	e0505
e0506	father	e0507
e0508	father	e0509
e0510	father	e0511
e0512	father	e0513
e0514	father	e0515
e0516	father	e0517
e0518	father	e0519
e0520	father	e0521
e0522	father	e0523
e0524	father	e0525
e0526	father	e0527
e0528	father	e0529
e0530	father	e0531
e0532	father	e0533
e0534	father	e0535
e0536	father	e0537
e0538	father	e0539
e0540	father	e0541
e0542	father	e0543
e0544	father	e0545
e0546	father	e0547
e0548	father	e0549
e0550	father	e0551
e0552	father	e0553
e0554	father	e0555
e0556	father	e0557
e0558	father	e0559
e0560	father	e0561
e0562	father	e0563
e0564	father	e0565
e0566	father	e0567
e0568	father	e0569
e0570	father	e0571
e0572	father	e0573
e0574	father	e0575
e0576	father	e0577
e0578	father	e0579
e0580	father	e0581
e0582	father	e0583
e0584	father	e0585
e0586	father	e0587
e0588	father	e0589
e0590	father	e0591
e0592	father	e0593
e0594	father	e0595
e0596	father	e0597
e0598	father	e0599
e0600	father	e0601
e0602	father	e0603
e0604	father	e0605
e0606	father	e0607
e0608	father	e0609
e0610	father	e0611
e0612	father	e0613
e0614	father	e0615
e0616	father	e0617
e0618	father	e0619
e0620	father	e0621
e0622	father	e0623
e0624	father	e0625
e0626	father	e0627
e0628	father	e0629
e0630	father	e0631
e0632	father	e0633
e0634	father	e0635
e0636	father	e0637
e0638	father	e0639
e0640	father	e0641
e0642	father	e0643
e0644	father	e0645
e0646	father	e0647
e0648	father	e0649
e0650	father	e0651
e0652	father	e0653
e0654	father	e0655
e0656	father	e0657
e0658	father	e0659
e0660	father	e0661
e0662	father	e0663
e0664	father	e0665
e0666	father	e0667
e0668	father	e0669
e0670	father	e0671
e0672	father	e0673
e0674	father	e0675
e0676	father	e0677
e0678	father	e0679
e0680	father	e0681
e0682	father	e0683
e0684	father	e0685
e0686	father	e0687
e0688	father	e0689
e0690	father	e0691
e0692	father	e0693
e0694	father	e0695
e0696	father	e0697
e0698	father	e0699
e0700	father	e0701
e0702	father	e0703
e0704	father	e0705
e0706	father	e0707
e0708	father	e0709
e0710	father	e0711
e0712	father	e0713
e0714	father	e0715
e0716	father	e0717
e0718	father	e0719
e0720	father	e0721
e0722	father	e0723
e0724	father	e0725
e0726	father	e0727
e0728	father	e0729
e0730	father	e0731
e0732	father	e0733
e0734	father	e0735
e0736	father	e0737
e0738	father	e0739
e0740	father	e0741
e0742	father	e0743
e0744	father	e0745
e0746	father	e0747
e0748	father	e0749
e0750	father	e0751
e0752	father	e0753
e0754	father	e0755
e0756	father	e0757
e0758	father	e0759
e0760	father	e0761
e0762	father	e0763
e0764	father	e0765
e0766	father	e0767
e0768	father	e0769
e0770	father	e0771
e0772	father	e0773
e0774	father	e0775
e0776	father	e0777
e0778	father	e0779
e0780	father	e0781
e0782	father	e0783
e0784	father	e0785
e0786	father	e0787
e0788	father	e0789
e0790	father	e0791
e0792	father	e0793
e0794	father	e0795
e0796	father	e0797
e0798	father	e0799
e0800	father	e0801
e0802	father	e0803
e0804	father	e0805
e0806	father	e0807
e0808	father	e0809
e0810	father	e0811
e0812	father	e0813
e0814	father	e0815
e0816	father	e0817
e0818	father	e0819
e0820	father	e0821
e0822	father	e0823
e0824	father	e0825
e0826	father	e0827
e0828	father	e0829
e0830	father	e0831
e0832	father	e0833
e0834	father	e0835
e0836	father	e0837
e0838	father	e0839
e0840	father	e0841
e0842	father	e0843
e0844	father	e0845
e0846	father	e0847
e0848	father	e0849
e0850	father	e0851
e0852	father	e0853
e0854	father	e0855
e0856	father	e0857
e0858	father	e0859
e0860	father	e0861
e0862	father	e0863
e0864	father	e0865
e0866	father	e0867
e0868	father	e0869
e0870	father	e0871
e0872	father	e0873
e0874	father	e0875
e0876	father	e0877
e0878	father	e0879
e0880	father	e0881
e0882	father	e0883
e0884	father	e0885
e0886	father	e0887
e0888	father	e0889
e0890	father	e0891
e0892	father	e0893
e0894	father	e0895
e0896	father	e0897
e0898	father	e0899
e0900	father	e0901
e0902	father	e0903
e0904	father	e0905
e0906	father	e0907
e0908	father	e0909
e0910	father	e0911
e0912	father	e0913
e0914	father	e0915
e0916	father	e0917
e0918	father	e0919
e0920	father	e0921
e0922	father	e0923
e0924	father	e0925
e0926	father	e0927
e0928	father	e0929
e0930	father	e0931
e0932	father	e0933
e0934	father	e0935
e0936	father	e0937
e0938	father	e0939
e0940	father	e0941
e0942	father	e0943
e0944	father	e0945
e0946	father	e0947
e0948	father	e0949
e0950	father	e0951
e0952	father	e0953
e0954	father	e0955
e0956	father	e0957
e0958	father	e0959
e0960	father	e0961
e0962	father	e0963
e0964	father	e0965
e0966	father	e0967
e0968	father	e0969
e0970	father	e0971
e0972	father	e0973
e0974	father	e0975
e0976	father	e0977
e0978	father	e0979
e0980	father	e0981
e0982	father	e0983
e0984	father	e0985
e0986	father	e0987
e0988	father	e0989
e0990	father	e0991
e0992	father	e0993
e0994	father	e0995
e0996	father	e0997
e0998	father	e0999
e1000	father	e1001
e1002	father	e1003
e1004	father	e1005
e1006	father	e1007
e1008	father	e1009
e1010	father	e1011
e1012	father	e1013
e1014	father	e1015
e1016	father	e1017
e1018	father	e1019
e1020	father	e1021
e1022	father	e1023
e1024	father	e1025
e1026	father	e1027
e1028	father	e1029
e1030	father	e1031
e1032	father	e1033
e1034	father	e1035
e1036	father	e1037
e1038	father	e1039
e1040	father	e1041
e1042	father	e1043
e1044	father	e1045
e1046	father	e1047
e1048	father	e1049
e1050	father	e1051
e1052	father	e1053
e1054	father	e1055
e1056	father	e1057
e1058	father	e1059
e1060	father	e1061
e1062	father	e1063
e1064	father	e1065
e1066	father	e1067
e1068	father	e1069
e1070	father	e1071
e1072	father	e1073
e1074	father	e1075
e1076	father	e1077
e1078	father	e1079
e1080	father	e1081
e1082	father	e1083
e1084	father	e1085
e1086	father	e1087
e1088	father	e1089
e1090	father	e1091
e1092	father	e1093
e1094	father	e1095
e1096	father	e1097
e1098	father	e1099
e1100	father	e1101
e1102	father	e1103
e1104	father	e1105
e1106	father	e1107
e1108	father	e1109
e1110	father	e1111
e1112	father	e1113
e1114	father	e1115
e1116	father	e1117
e1118	father	e1119
e1120	father	e1121
e1122	father	e1123
e1124	father	e1125
e1126	father	e1127
e1128	father	e1129
e1130	father	e1131
e1132	father	e1133
e1134	father	e1135
e1136	father	e1137
e1138	father	e1139
e1140	father	e1141
e1142	father	e1143
e1144	father	e1145
e1146	father	e1147
e1148	father	e1149
e1150	father	e1151
e1152	father	e1153
e1154	father	e1155
e1156	father	e1157
e1158	father	e1159
e1160	father	e1161
e1162	father	e1163
e1164	father	e1165
e1166	father	e1167
e1168	father	e1169
e1170	father	e1171
e1172	father	e1173
e1174	father	e1175
e1176	father	e1177
e1178	father	e1179
e1180	father	e1181
e1182	father	e1183
e1184	father	e1185
e1186	father	e1187
e1188	father	e1189
e1190	father	e1191
e1192	father	e1193
e1194	father	e1195
e1196	father	e1197
e1198	father	e1199
e1200	father	e1201
e1202	father	e1203
e1204	father	e1205
e1206	father	e1207
e1208	father	e1209
e1210	father	e1211
e1212	father	e1213
e1214	father	e1215
e1216	father	e1217
e1218	father	e1219
e1220	father	e1221
e1222	father	e1223
e1224	father	e1225
e1226	father	e1227
e1228	father	e1229
e1230	father	e1231
e1232	father	e1233
e1234	father	e1235
e1236	father	e1237
e1238	father	e1239
e1240	father	e1241
e1242	father	e1243
e1244	father	e1245
e1246	father	e1247
e1248	father	e1249
e1250	father	e1251
e1252	father	e1253
e1254	father	e1255
e1256	father	e1257
e1258	father	e1259
e1260	father	e1261
e1262	father	e1263
e1264	father	e1265
e1266	father	e1267
e1268	father	e1269
e1270	father	e1271
e1272	father	e1273
e1274	father	e1275
e1276	father	e1277
e1278	father	e1279
e1280	father	e1281
e1282	father	e1283
e1284	father	e1285
e1286	father	e1287
e1288	father	e1289
e1290	father	e1291
e1292	father	e1293
e1294	father	e1295
e1296	father	e1297
e1298	father	e1299
e1300	father	e1301
e1302	father	e1303
e1304	father	e1305
e1306	father	e1307
e1308	father	e1309
e1310	father	e1311
e1312	father	e1313
e1314	father	e1315
e1316	father	e1317
e1318	father	e1319
e1320	father	e1321
e1322	father	e1323
e1324	father	e1325
e1326	father	e1327
e1328	father	e1329
e1330	father	e1331
e1332	father	e1333
e1334	father	e1335
e1336	father	e1337
e1338	father	e1339
e1340	father	e1341
e1342	father	e1343
e1344	father	e1345
e1346	father	e1347
e1348	father	e1349
e1350	father	e1351
e1352	father	e1353
e1354	father	e1355
e1356	father	e1357
e1358	father	e1359
e1360	father	e1361
e1362	father	e1363
e1364	father	e1365
e1366	father	e1367
e1368	father	e1369
e1370	father	e1371
e1372	father	e1373
e1374	father	e1375
e1376	father	e1377
e1378	father	e1379
e1380	father	e1381
e1382	father	e1383
e1384	father	e1385
e1386	father	e1387
e1388	father	e1389
e1390	father	e1391
e1392	father	e1393
e1394	father	e1395
e1396	father	e1397
e1398	father	e1399
e1400	father	e1401
e1402	father	e1403
e1404	father	e1405
e1406	father	e1407
e1408	father	e1409
e1410	father	e1411
e1412	father	e1413
e1414	father	e1415
e1416	father	e1417
e1418	father	e1419
e1420	father	e1421
e1422	father	e1423
e1424	father	e1425
e1426	father	e1427
e1428	father	e1429
e1430	father	e1431
e1432	father	e1433
e1434	father	e1435
e1436	father	e1437
e1438	father	e1439
e1440	father	e1441
e1442	father	e1443
e1444	father	e1445
e1446	father	e1447
e1448	father	e1449
e1450	father	e1451
e1452	father	e1453
e1454	father	e1455
e1456	father	e1457
e1458	father	e1459
e1460	father	e1461
e1462	father	e1463
e1464	father	e1465
e1466	father	e1467
e1468	father	e1469
e1470	father	e1471
e1472	father	e1473
e1474	father	e1475
e1476	father	e1477
e1478	father	e1479
e1480	father	e1481
e1482	father	e1483
e1484	father	e1485
e1486	father	e1487
e1488	father	e1489
e1490	father	e1491
e1492	father	e1493
e1494	father	e1495
e1496	father	e1497
e1498	father	e1499
e1500	father	e1501
e1502	father	e1503
e1504	father	e1505
e1506	father	e1507
e1508	father	e1509
e1510	father	e1511
e1512	father	e1513
e1514	father	e1515
e1516	father	e1517
e1518	father	e1519
e1520	father	e1521
e1522	father	e1523
e1524	father	e1525
e1526	father	e1527
e1528	father	e1529
e1530	father	e1531
e1532	father	e1533
e1534	father	e1535
e1536	father	e1537
e1538	father	e1539
e1540	father	e1541
e1542	father	e1543
e1544	father	e1545
e1546	father	e1547
e1548	father	e1549
e1550	father	e1551
e1552	father	e1553
e1554	father	e1555
e1556	father	e1557
e1558	father	e1559
e1560	father	e1561
e1562	father	e1563
e1564	father	e1565
e1566	father	e1567
e1568	father	e1569
e1570	father	e1571
e1572	father	e1573
e1574	father	e1575
e1576	father	e1577
e1578	father	e1579
e1580	father	e1581
e1582	father	e1583
e1584	father	e1585
e1586	father	e1587
e1588	father	e1589
e1590	father	e1591
e1592	father	e1593
e1594	father	e1595
e1596	father	e1597
e1598	father	e1599
e1600	father	e1601
e1602	father	e1603
e1604	father	e1605
e1606	father	e1607
e1608	father	e1609
e1610	father	e1611
e1612	father	e1613
e1614	father	e1615
e1616	father	e1617
e1618	father	e1619
e1620	father	e1621
e1622	father	e1623
e1624	father	e1625
e1626	father	e1627
e1628	father	e1629
e1630	father	e1631
e1632	father	e1633
e1634	father	e1635
e1636	father	e1637
e1638	father	e1639
e1640	father	e1641
e1642	father	e1643
e1644	father	e1645
e1646	father	e1647
e1648	father	e1649
e1650	father	e1651
e1652	father	e1653
e1654	father	e1655
e1656	father	e1657
e1658	father	e1659
e1660	father	e1661
e1662	father	e1663
e1664	father	e1665
e1666	father	e1667
e1668	father	e1669
e1670	father	e1671
e1672	father	e1673
e1674	father	e1675
e1676	father	e1677
e1678	father	e1679
e1680	father	e1681
e1682	father	e1683
e1684	father	e1685
e1686	father	e1687
e1688	father	e1689
e1690	father	e1691
e1692	father	e1693
e1694	father	e1695
e1696	father	e1697
e1698	father	e1699
e1700	father	e1701
e1702	father	e1703
e1704	father	e1705
e1706	father	e1707
e1708	father	e1709
e1710	father	e1711
e1712	father	e1713
e1714	father	e1715
e1716	father	e1717
e1718	father	e1719
e1720	father	e1721
e1722	father	e1723
e1724	father	e1725
e1726	father	e1727
e1728	father	e1729
e1730	father	e1731
e1732	father	e1733
e1734	father	e1735
e1736	father	e1737
e1738	father	e1739
e1740	father	e1741
e1742	father	e1743
e1744	father	e1745
e1746	father	e1747
e1748	father	e1749
e1750	father	e1751
e1752	father	e1753
e1754	father	e1755
e1756	father	e1757
e1758	father	e1759
e1760	father	e1761
e1762	father	e1763
e1764	father	e1765
e1766	father	e1767
e1768	father	e1769
e1770	father	e1771
e1772	father	e1773
e1774	father	e1775
e1776	father	e1777
e1778	father	e1779
e1780	father	e1781
e1782	father	e1783
e1784	father	e1785
e1786	father	e1787
e1788	father	e1789
e1790	father	e1791
e1792	father	e1793
e1794	father	e1795
e1796	father	e1797
e1798	father	e1799
e1800	father	e1801
e1802	father	e1803
e1804	father	e1805
e1806	father	e1807
e1808	father	e1809
e1810	father	e1811
e1812	father	e1813
e1814	father	e1815
e1816	father	e1817
e1818	father	e1819
e1820	father	e1821
e1822	father	e1823
e1824	father	e1825
e1826	father	e1827
e1828	father	e1829
e1830	father	e1831
e1832	father	e1833
e1834	father	e1835
e1836	father	e1837
e1838	father	e1839
e1840	father	e1841
e1842	father	e1843
e1844	father	e1845
e1846	father	e1847
e1848	father	e1849
e1850	father	e1851
e1852	father	e1853
e1854	father	e1855
e1856	father	e1857
e1858	father	e1859
e1860	father	e1861
e1862	father	e1863
e1864	father	e1865
e1866	father	e1867
e1868	father	e1869
e1870	father	e1871
e1872	father	e1873
e1874	father	e1875
e1876	father	e1877
e1878	father	e1879
e1880	father	e1881
e1882	father	e1883
e1884	father	e1885
e1886	father	e1887
e1888	father	e1889
e1890	father	e1891
e1892	father	e1893
e1894	father	e1895
e1896	father	e1897
e1898	father	e1899
e1900	father	e1901
e1902	father	e1903
e1904	father	e1905
e1906	father	e1907
e1908	father	e1909
e1910	father	e1911
e1912	father	e1913
e1914	father	e1915
e1916	father	e1917
e1918	father	e1919
e1920	father	e1921
e1922	father	e1923
e1924	father	e1925
e1926	father	e1927
e1928	father	e1929
e1930	father	e1931
e1932	father	e1933
e1934	father	e1935
e1936	father	e1937
e1938	father	e1939
e1940	father	e1941
e1942	father	e1943
e1944	father	e1945
e1946	father	e1947
e1948	father	e1949
e1950	father	e1951
e1952	father	e1953
e1954	father	e1955
e1956	father	e1957
e1958	father	e1959
e1960	father	e1961
e1962	father	e1963
e1964	father	e1965
e1966	father	e1967
e1968	father	e1969
e1970	father	e1971
e1972	father	e1973
e1974	father	e1975
e1976	father	e1977
e1978	father	e1979
e1980	father	e1981
e1982	father	e1983
e1984	father	e1985
e1986	father	e1987
e1988	father	e1989
e1990	father	e1991
e1992	father	e1993
e1994	father	e1995
e1996	father	e1997
e1998	father	e1999
e2000	father	e2001
e2002	father	e2003
e2004	father	e2005
e2006	father	e2007
e2008	father	e2009
e2010	father	e2011
e2012	father	e2013
e2014	father	e2015
e2016	father	e2017
e2018	father	e2019
e2020	father	e2021
e2022	father	e2023
e2024	father	e2025
e2026	father	e2027
e2028	father	e2029
e2030	father	e2031
e2032	father	e2033
e2034	father	e2035
e2036	father	e2037
e2038	father	e2039
e2040	father	e2041
e2042	father	e2043
e2044	father	e2045
e2046	father	e2047
