e0200	rel_C	e0201
e0202	rel_C	e0203
e0204	rel_C	e0205
e0206	rel_C	e0207
e0208	rel_C	e0209
e0210	rel_C	e0211
e0212	rel_C	e0213
e0214	rel_C	e0215
e0216	rel_C	e0217
e0218	rel_C	e0219
e0220	rel_C	e0221
e0222	rel_C	e0223
e0224	rel_C	e0225
e0226	rel_C	e0227
e0228	rel_C	e0229
e0230	rel_C	e0231
e0232	rel_C	e0233
e0234	rel_C	e0235
e0236	rel_C	e0237
e0238	rel_C	e0239
e0240	rel_C	e0241
e0242	rel_C	e0243
e0244	rel_C	e0245
e0246	rel_C	e0247
e0248	rel_C	e0249
e0250	rel_C	e0251
e0252	rel_C	e0253
e0254	rel_C	e0255
e0256	rel_C	e0257
e0258	rel_C	e0259
e0260	rel_C	e0261
e0262	rel_C	e0263
e0264	rel_C	e0265
e0266	rel_C	e0267
e0268	rel_C	e0269
e0270	rel_C	e0271
e0272	rel_C	e0273
e0274	rel_C	e0275
e0276	rel_C	e0277
e0278	rel_C	e0279
e0280	rel_C	e0281
e0282	rel_C	e0283
e0284	rel_C	e0285
e0286	rel_C	e0287
e0288	rel_C	e0289
e0290	rel_C	e0291
e0292	rel_C	e0293
e0294	rel_C	e0295
e0296	rel_C	e0297
e0298	rel_C	e0299
e0300	rel_C	e0301
e0302	rel_C	e0303
e0304	rel_C	e0305
e0306	rel_C	e0307
e0308	rel_C	e0309
e0310	rel_C	e0311
e0312	rel_C	e0313
e0314	rel_C	e0315
e0316	rel_C	e0317
e0318	rel_C	e0319
e0320	rel_C	e0321
e0322	rel_C	e0323
e0324	rel_C	e0325
e0326	rel_C	e0327
e0328	rel_C	e0329
e0330	rel_C	e0331
e0332	rel_C	e0333
e0334	rel_C	e0335
e0336	rel_C	e0337
e0338	rel_C	e0339
e0340	rel_C	e0341
e0342	rel_C	e0343
e0344	rel_C	e0345
e0346	rel_C	e0347
e0348	rel_C	e0349
e0350	rel_C	e0351
e0352	rel_C	e0353
e0354	rel_C	e0355
e0356	rel_C	e0357
e0358	rel_C	e0359
e0360	rel_C	e0361
e0362	rel_C	e0363
e0364	rel_C	e0365
e0366	rel_C	e0367
e0368	rel_C	e0369
e0370	rel_C	e0371
e0372	rel_C	e0373
e0374	rel_C	e0375
e0376	rel_C	e0377
e0378	rel_C	e0379
e0380	rel_C	e0381
e0382	rel_C	e0383
e0384	rel_C	e0385
e0386	rel_C	e0387
e0388	rel_C	e0389
e0390	rel_C	e0391
e0392	rel_C	e0393
e0394	rel_C	e0395
e0396	rel_C	e0397
e0398	rel_C	e0399