e0400	rel_E	e0401
e0402	rel_E	e0403
e0404	rel_E	e0405
e0406	rel_E	e0407
e0408	rel_E	e0409
e0410	rel_E	e0411
e0412	rel_E	e0413
e0414	rel_E	e0415
e0416	rel_E	e0417
e0418	rel_E	e0419
e0420	rel_E	e0421
e0422	rel_E	e0423
e0424	rel_E	e0425
e0426	rel_E	e0427
e0428	rel_E	e0429
e0430	rel_E	e0431
e0432	rel_E	e0433
e0434	rel_E	e0435
e0436	rel_E	e0437
e0438	rel_E	e0439
e0440	rel_E	e0441
e0442	rel_E	e0443
e0444	rel_E	e0445
e0446	rel_E	e0447
e0448	rel_E	e0449
e0450	rel_E	e0451
e0452	rel_E	e0453
e0454	rel_E	e0455
e0456	rel_E	e0457
e0458	rel_E	e0459
e0460	rel_E	e0461
e0462	rel_E	e0463
e0464	rel_E	e0465
e0466	rel_E	e0467
e0468	rel_E	e0469
e0470	rel_E	e0471
e0472	rel_E	e0473
e0474	rel_E	e0475
e0476	rel_E	e0477
e0478	rel_E	e0479
e0480	rel_E	e0481
e0482	rel_E	e0483
e0484	rel_E	e0485
e0486	rel_E	e0487
e0488	rel_E	e0489
e0490	rel_E	e0491
e0492	rel_E	e0493
e0494	rel_E	e0495
e0496	rel_E	e0497
e0498	rel_E	e0499
e0500	rel_E	e0501
e0502	rel_E	e0503
e0504	rel_E	e0505
e0506	rel_E	e0507
e0508	rel_E	e0509
e0510	rel_E	e0511
e0512	rel_E	e0513
e0514	rel_E	e0515
e0516	rel_E	e0517
e0518	rel_E	e0519
e0520	rel_E	e0521
e0522	rel_E	e0523
e0524	rel_E	e0525
e0526	rel_E	e0527
e0528	rel_E	e0529
e0530	rel_E	e0531
e0532	rel_E	e0533
e0534	rel_E	e0535
e0536	rel_E	e0537
e0538	rel_E	e0539
e0540	rel_E	e0541
e0542	rel_E	e0543
e0544	rel_E	e0545
e0546	rel_E	e0547
e0548	rel_E	e0549
e0550	rel_E	e0551
e0552	rel_E	e0553
e0554	rel_E	e0555
e0556	rel_E	e0557
e0558	rel_E	e0559
e0560	rel_E	e0561
e0562	rel_E	e0563
e0564	rel_E	e0565
e0566	rel_E	e0567
e0568	rel_E	e0569
e0570	rel_E	e0571
e0572	rel_E	e0573
e0574	rel_E	e0575
e0576	rel_E	e0577
e0578	rel_E	e0579
e0580	rel_E	e0581
e0582	rel_E	e0583
e0584	rel_E	e0585
e0586	rel_E	e0587
e0588	rel_E	e0589
e0590	rel_E	e0591
e0592	rel_E	e0593
e0594	rel_E	e0595
e0596	rel_E	e0597
e0598	rel_E	e0599