e0900	rel_K	e0902
e0903	rel_K	e0905
e0906	rel_K	e0908
e0909	rel_K	e0911
e0912	rel_K	e0914
e0915	rel_K	e0917
e0918	rel_K	e0920
e0921	rel_K	e0923
e0924	rel_K	e0926
e0927	rel_K	e0929
e0930	rel_K	e0932
e0933	rel_K	e0935
e0936	rel_K	e0938
e0939	rel_K	e0941
e0942	rel_K	e0944
e0945	rel_K	e0947
e0948	rel_K	e0950
e0951	rel_K	e0953
e0954	rel_K	e0956
e0957	rel_K	e0959
e0960	rel_K	e0962
e0963	rel_K	e0965
e0966	rel_K	e0968
e0969	rel_K	e0971
e0972	rel_K	e0974
e0975	rel_K	e0977
e0978	rel_K	e0980
e0981	rel_K	e0983
e0984	rel_K	e0986
e0987	rel_K	e0989
e0990	rel_K	e0992
e0993	rel_K	e0995
e0996	rel_K	e0998
e0999	rel_K	e1001
e1002	rel_K	e1004
e1005	rel_K	e1007
e1008	rel_K	e1010
e1011	rel_K	e1013
e1014	rel_K	e1016
e1017	rel_K	e1019
e1020	rel_K	e1022
e1023	rel_K	e1025
e1026	rel_K	e1028
e1029	rel_K	e1031
e1032	rel_K	e1034
e1035	rel_K	e1037
e1038	rel_K	e1040
e1041	rel_K	e1043
e1044	rel_K	e1046
e1047	rel_K	e1049
e1050	rel_K	e1052
e1053	rel_K	e1055
e1056	rel_K	e1058
e1059	rel_K	e1061
e1062	rel_K	e1064
e1065	rel_K	e1067
e1068	rel_K	e1070
e1071	rel_K	e1073
e1074	rel_K	e1076
e1077	rel_K	e1079
e1080	rel_K	e1082
e1083	rel_K	e1085
e1086	rel_K	e1088
e1089	rel_K	e1091
e1092	rel_K	e1094
e1095	rel_K	e1097
e1098	rel_K	e1100
e1101	rel_K	e1103
e1104	rel_K	e1106
e1107	rel_K	e1109
e1110	rel_K	e1112
e1113	rel_K	e1115
e1116	rel_K	e1118
e1119	rel_K	e1121
e1122	rel_K	e1124
e1125	rel_K	e1127
e1128	rel_K	e1130
e1131	rel_K	e1133
e1134	rel_K	e1136
e1137	rel_K	e1139
e1140	rel_K	e1142
e1143	rel_K	e1145
e1146	rel_K	e1148
e1149	rel_K	e1151
e1152	rel_K	e1154
e1155	rel_K	e1157
e1158	rel_K	e1160
e1161	rel_K	e1163
e1164	rel_K	e1166
e1167	rel_K	e1169
e1170	rel_K	e1172
e1173	rel_K	e1175
e1176	rel_K	e1178
e1179	rel_K	e1181
e1182	rel_K	e1184
e1185	rel_K	e1187
e1188	rel_K	e1190
e1191	rel_K	e1193
e1194	rel_K	e1196
e1197	rel_K	e1199