e0600	rel_H	e0602
e0603	rel_H	e0605
e0606	rel_H	e0608
e0609	rel_H	e0611
e0612	rel_H	e0614
e0615	rel_H	e0617
e0618	rel_H	e0620
e0621	rel_H	e0623
e0624	rel_H	e0626
e0627	rel_H	e0629
e0630	rel_H	e0632
e0633	rel_H	e0635
e0636	rel_H	e0638
e0639	rel_H	e0641
e0642	rel_H	e0644
e0645	rel_H	e0647
e0648	rel_H	e0650
e0651	rel_H	e0653
e0654	rel_H	e0656
e0657	rel_H	e0659
e0660	rel_H	e0662
e0663	rel_H	e0665
e0666	rel_H	e0668
e0669	rel_H	e0671
e0672	rel_H	e0674
e0675	rel_H	e0677
e0678	rel_H	e0680
e0681	rel_H	e0683
e0684	rel_H	e0686
e0687	rel_H	e0689
e0690	rel_H	e0692
e0693	rel_H	e0695
e0696	rel_H	e0698
e0699	rel_H	e0701
e0702	rel_H	e0704
e0705	rel_H	e0707
e0708	rel_H	e0710
e0711	rel_H	e0713
e0714	rel_H	e0716
e0717	rel_H	e0719
e0720	rel_H	e0722
e0723	rel_H	e0725
e0726	rel_H	e0728
e0729	rel_H	e0731
e0732	rel_H	e0734
e0735	rel_H	e0737
e0738	rel_H	e0740
e0741	rel_H	e0743
e0744	rel_H	e0746
e0747	rel_H	e0749
e0750	rel_H	e0752
e0753	rel_H	e0755
e0756	rel_H	e0758
e0759	rel_H	e0761
e0762	rel_H	e0764
e0765	rel_H	e0767
e0768	rel_H	e0770
e0771	rel_H	e0773
e0774	rel_H	e0776
e0777	rel_H	e0779
e0780	rel_H	e0782
e0783	rel_H	e0785
e0786	rel_H	e0788
e0789	rel_H	e0791
e0792	rel_H	e0794
e0795	rel_H	e0797
e0798	rel_H	e0800
e0801	rel_H	e0803
e0804	rel_H	e0806
e0807	rel_H	e0809
e0810	rel_H	e0812
e0813	rel_H	e0815
e0816	rel_H	e0818
e0819	rel_H	e0821
e0822	rel_H	e0824
e0825	rel_H	e0827
e0828	rel_H	e0830
e0831	rel_H	e0833
e0834	rel_H	e0836
e0837	rel_H	e0839
e0840	rel_H	e0842
e0843	rel_H	e0845
e0846	rel_H	e0848
e0849	rel_H	e0851
e0852	rel_H	e0854
e0855	rel_H	e0857
e0858	rel_H	e0860
e0861	rel_H	e0863
e0864	rel_H	e0866
e0867	rel_H	e0869
e0870	rel_H	e0872
e0873	rel_H	e0875
e0876	rel_H	e0878
e0879	rel_H	e0881
e0882	rel_H	e0884
e0885	rel_H	e0887
e0888	rel_H	e0890
e0891	rel_H	e0893
e0894	rel_H	e0896
e0897	rel_H	e0899