e0000	rel_A	e0001
e0002	rel_A	e0003
e0004	rel_A	e0005
e0006	rel_A	e0007
e0008	rel_A	e0009
e0010	rel_A	e0011
e0012	rel_A	e0013
e0014	rel_A	e0015
e0016	rel_A	e0017
e0018	rel_A	e0019
e0020	rel_A	e0021
e0022	rel_A	e0023
e0024	rel_A	e0025
e0026	rel_A	e0027
e0028	rel_A	e0029
e0030	rel_A	e0031
e0032	rel_A	e0033
e0034	rel_A	e0035
e0036	rel_A	e0037
e0038	rel_A	e0039
e0040	rel_A	e0041
e0042	rel_A	e0043
e0044	rel_A	e0045
e0046	rel_A	e0047
e0048	rel_A	e0049
e0050	rel_A	e0051
e0052	rel_A	e0053
e0054	rel_A	e0055
e0056	rel_A	e0057
e0058	rel_A	e0059
e0060	rel_A	e0061
e0062	rel_A	e0063
e0064	rel_A	e0065
e0066	rel_A	e0067
e0068	rel_A	e0069
e0070	rel_A	e0071
e0072	rel_A	e0073
e0074	rel_A	e0075
e0076	rel_A	e0077
e0078	rel_A	e0079
e0080	rel_A	e0081
e0082	rel_A	e0083
e0084	rel_A	e0085
e0086	rel_A	e0087
e0088	rel_A	e0089
e0090	rel_A	e0091
e0092	rel_A	e0093
e0094	rel_A	e0095
e0096	rel_A	e0097
e0098	rel_A	e0099
e0100	rel_A	e0101
e0102	rel_A	e0103
e0104	rel_A	e0105
e0106	rel_A	e0107
e0108	rel_A	e0109
e0110	rel_A	e0111
e0112	rel_A	e0113
e0114	rel_A	e0115
e0116	rel_A	e0117
e0118	rel_A	e0119
e0120	rel_A	e0121
e0122	rel_A	e0123
e0124	rel_A	e0125
e0126	rel_A	e0127
e0128	rel_A	e0129
e0130	rel_A	e0131
e0132	rel_A	e0133
e0134	rel_A	e0135
e0136	rel_A	e0137
e0138	rel_A	e0139
e0140	rel_A	e0141
e0142	rel_A	e0143
e0144	rel_A	e0145
e0146	rel_A	e0147
e0148	rel_A	e0149
e0150	rel_A	e0151
e0152	rel_A	e0153
e0154	rel_A	e0155
e0156	rel_A	e0157
e0158	rel_A	e0159
e0160	rel_A	e0161
e0162	rel_A	e0163
e0164	rel_A	e0165
e0166	rel_A	e0167
e0168	rel_A	e0169
e0170	rel_A	e0171
e0172	rel_A	e0173
e0174	rel_A	e0175
e0176	rel_A	e0177
e0178	rel_A	e0179
e0180	rel_A	e0181
e0182	rel_A	e0183
e0184	rel_A	e0185
e0186	rel_A	e0187
e0188	rel_A	e0189
e0190	rel_A	e0191
e0192	rel_A	e0193
e0194	rel_A	e0195
e0196	rel_A	e0197
e0198	rel_A	e0199
e0200	rel_B	e0201
e0202	rel_B	e0203
e0204	rel_B	e0205
e0206	rel_B	e0207
e0208	rel_B	e0209
e0210	rel_B	e0211
e0212	rel_B	e0213
e0214	rel_B	e0215
e0216	rel_B	e0217
e0218	rel_B	e0219
e0220	rel_B	e0221
e0222	rel_B	e0223
e0224	rel_B	e0225
e0226	rel_B	e0227
e0228	rel_B	e0229
e0230	rel_B	e0231
e0232	rel_B	e0233
e0234	rel_B	e0235
e0236	rel_B	e0237
e0238	rel_B	e0239
e0240	rel_B	e0241
e0242	rel_B	e0243
e0244	rel_B	e0245
e0246	rel_B	e0247
e0248	rel_B	e0249
e0250	rel_B	e0251
e0252	rel_B	e0253
e0254	rel_B	e0255
e0256	rel_B	e0257
e0258	rel_B	e0259
e0260	rel_B	e0261
e0262	rel_B	e0263
e0264	rel_B	e0265
e0266	rel_B	e0267
e0268	rel_B	e0269
e0270	rel_B	e0271
e0272	rel_B	e0273
e0274	rel_B	e0275
e0276	rel_B	e0277
e0278	rel_B	e0279
e0280	rel_B	e0281
e0282	rel_B	e0283
e0284	rel_B	e0285
e0286	rel_B	e0287
e0288	rel_B	e0289
e0290	rel_B	e0291
e0292	rel_B	e0293
e0294	rel_B	e0295
e0296	rel_B	e0297
e0298	rel_B	e0299
e0300	rel_B	e0301
e0302	rel_B	e0303
e0304	rel_B	e0305
e0306	rel_B	e0307
e0308	rel_B	e0309
e0310	rel_B	e0311
e0312	rel_B	e0313
e0314	rel_B	e0315
e0316	rel_B	e0317
e0318	rel_B	e0319
e0320	rel_B	e0321
e0322	rel_B	e0323
e0324	rel_B	e0325
e0326	rel_B	e0327
e0328	rel_B	e0329
e0330	rel_B	e0331
e0332	rel_B	e0333
e0334	rel_B	e0335
e0336	rel_B	e0337
e0338	rel_B	e0339
e0340	rel_B	e0341
e0342	rel_B	e0343
e0344	rel_B	e0345
e0346	rel_B	e0347
e0348	rel_B	e0349
e0350	rel_B	e0351
e0352	rel_B	e0353
e0354	rel_B	e0355
e0356	rel_B	e0357
e0358	rel_B	e0359
e0360	rel_B	e0361
e0362	rel_B	e0363
e0364	rel_B	e0365
e0366	rel_B	e0367
e0368	rel_B	e0369
e0370	rel_B	e0371
e0372	rel_B	e0373
e0374	rel_B	e0375
e0376	rel_B	e0377
e0378	rel_B	e0379
e0380	rel_B	e0381
e0382	rel_B	e0383
e0384	rel_B	e0385
e0386	rel_B	e0387
e0388	rel_B	e0389
e0390	rel_B	e0391
e0392	rel_B	e0393
e0394	rel_B	e0395
e0396	rel_B	e0397
e0398	rel_B	e0399
e0400	rel_D	e0401
e0402	rel_D	e0403
e0404	rel_D	e0405
e0406	rel_D	e0407
e0408	rel_D	e0409
e0410	rel_D	e0411
e0412	rel_D	e0413
e0414	rel_D	e0415
e0416	rel_D	e0417
e0418	rel_D	e0419
e0420	rel_D	e0421
e0422	rel_D	e0423
e0424	rel_D	e0425
e0426	rel_D	e0427
e0428	rel_D	e0429
e0430	rel_D	e0431
e0432	rel_D	e0433
e0434	rel_D	e0435
e0436	rel_D	e0437
e0438	rel_D	e0439
e0440	rel_D	e0441
e0442	rel_D	e0443
e0444	rel_D	e0445
e0446	rel_D	e0447
e0448	rel_D	e0449
e0450	rel_D	e0451
e0452	rel_D	e0453
e0454	rel_D	e0455
e0456	rel_D	e0457
e0458	rel_D	e0459
e0460	rel_D	e0461
e0462	rel_D	e0463
e0464	rel_D	e0465
e0466	rel_D	e0467
e0468	rel_D	e0469
e0470	rel_D	e0471
e0472	rel_D	e0473
e0474	rel_D	e0475
e0476	rel_D	e0477
e0478	rel_D	e0479
e0480	rel_D	e0481
e0482	rel_D	e0483
e0484	rel_D	e0485
e0486	rel_D	e0487
e0488	rel_D	e0489
e0490	rel_D	e0491
e0492	rel_D	e0493
e0494	rel_D	e0495
e0496	rel_D	e0497
e0498	rel_D	e0499
e0500	rel_D	e0501
e0502	rel_D	e0503
e0504	rel_D	e0505
e0506	rel_D	e0507
e0508	rel_D	e0509
e0510	rel_D	e0511
e0512	rel_D	e0513
e0514	rel_D	e0515
e0516	rel_D	e0517
e0518	rel_D	e0519
e0520	rel_D	e0521
e0522	rel_D	e0523
e0524	rel_D	e0525
e0526	rel_D	e0527
e0528	rel_D	e0529
e0530	rel_D	e0531
e0532	rel_D	e0533
e0534	rel_D	e0535
e0536	rel_D	e0537
e0538	rel_D	e0539
e0540	rel_D	e0541
e0542	rel_D	e0543
e0544	rel_D	e0545
e0546	rel_D	e0547
e0548	rel_D	e0549
e0550	rel_D	e0551
e0552	rel_D	e0553
e0554	rel_D	e0555
e0556	rel_D	e0557
e0558	rel_D	e0559
e0560	rel_D	e0561
e0562	rel_D	e0563
e0564	rel_D	e0565
e0566	rel_D	e0567
e0568	rel_D	e0569
e0570	rel_D	e0571
e0572	rel_D	e0573
e0574	rel_D	e0575
e0576	rel_D	e0577
e0578	rel_D	e0579
e0580	rel_D	e0581
e0582	rel_D	e0583
e0584	rel_D	e0585
e0586	rel_D	e0587
e0588	rel_D	e0589
e0590	rel_D	e0591
e0592	rel_D	e0593
e0594	rel_D	e0595
e0596	rel_D	e0597
e0598	rel_D	e0599
e0600	rel_F	e0601
e0601	rel_G	e0602
e0603	rel_F	e0604
e0604	rel_G	e0605
e0606	rel_F	e0607
e0607	rel_G	e0608
e0609	rel_F	e0610
e0610	rel_G	e0611
e0612	rel_F	e0613
e0613	rel_G	e0614
e0615	rel_F	e0616
e0616	rel_G	e0617
e0618	rel_F	e0619
e0619	rel_G	e0620
e0621	rel_F	e0622
e0622	rel_G	e0623
e0624	rel_F	e0625
e0625	rel_G	e0626
e0627	rel_F	e0628
e0628	rel_G	e0629
e0630	rel_F	e0631
e0631	rel_G	e0632
e0633	rel_F	e0634
e0634	rel_G	e0635
e0636	rel_F	e0637
e0637	rel_G	e0638
e0639	rel_F	e0640
e0640	rel_G	e0641
e0642	rel_F	e0643
e0643	rel_G	e0644
e0645	rel_F	e0646
e0646	rel_G	e0647
e0648	rel_F	e0649
e0649	rel_G	e0650
e0651	rel_F	e0652
e0652	rel_G	e0653
e0654	rel_F	e0655
e0655	rel_G	e0656
e0657	rel_F	e0658
e0658	rel_G	e0659
e0660	rel_F	e0661
e0661	rel_G	e0662
e0663	rel_F	e0664
e0664	rel_G	e0665
e0666	rel_F	e0667
e0667	rel_G	e0668
e0669	rel_F	e0670
e0670	rel_G	e0671
e0672	rel_F	e0673
e0673	rel_G	e0674
e0675	rel_F	e0676
e0676	rel_G	e0677
e0678	rel_F	e0679
e0679	rel_G	e0680
e0681	rel_F	e0682
e0682	rel_G	e0683
e0684	rel_F	e0685
e0685	rel_G	e0686
e0687	rel_F	e0688
e0688	rel_G	e0689
e0690	rel_F	e0691
e0691	rel_G	e0692
e0693	rel_F	e0694
e0694	rel_G	e0695
e0696	rel_F	e0697
e0697	rel_G	e0698
e0699	rel_F	e0700
e0700	rel_G	e0701
e0702	rel_F	e0703
e0703	rel_G	e0704
e0705	rel_F	e0706
e0706	rel_G	e0707
e0708	rel_F	e0709
e0709	rel_G	e0710
e0711	rel_F	e0712
e0712	rel_G	e0713
e0714	rel_F	e0715
e0715	rel_G	e0716
e0717	rel_F	e0718
e0718	rel_G	e0719
e0720	rel_F	e0721
e0721	rel_G	e0722
e0723	rel_F	e0724
e0724	rel_G	e0725
e0726	rel_F	e0727
e0727	rel_G	e0728
e0729	rel_F	e0730
e0730	rel_G	e0731
e0732	rel_F	e0733
e0733	rel_G	e0734
e0735	rel_F	e0736
e0736	rel_G	e0737
e0738	rel_F	e0739
e0739	rel_G	e0740
e0741	rel_F	e0742
e0742	rel_G	e0743
e0744	rel_F	e0745
e0745	rel_G	e0746
e0747	rel_F	e0748
e0748	rel_G	e0749
e0750	rel_F	e0751
e0751	rel_G	e0752
e0753	rel_F	e0754
e0754	rel_G	e0755
e0756	rel_F	e0757
e0757	rel_G	e0758
e0759	rel_F	e0760
e0760	rel_G	e0761
e0762	rel_F	e0763
e0763	rel_G	e0764
e0765	rel_F	e0766
e0766	rel_G	e0767
e0768	rel_F	e0769
e0769	rel_G	e0770
e0771	rel_F	e0772
e0772	rel_G	e0773
e0774	rel_F	e0775
e0775	rel_G	e0776
e0777	rel_F	e0778
e0778	rel_G	e0779
e0780	rel_F	e0781
e0781	rel_G	e0782
e0783	rel_F	e0784
e0784	rel_G	e0785
e0786	rel_F	e0787
e0787	rel_G	e0788
e0789	rel_F	e0790
e0790	rel_G	e0791
e0792	rel_F	e0793
e0793	rel_G	e0794
e0795	rel_F	e0796
e0796	rel_G	e0797
e0798	rel_F	e0799
e0799	rel_G	e0800
e0801	rel_F	e0802
e0802	rel_G	e0803
e0804	rel_F	e0805
e0805	rel_G	e0806
e0807	rel_F	e0808
e0808	rel_G	e0809
e0810	rel_F	e0811
e0811	rel_G	e0812
e0813	rel_F	e0814
e0814	rel_G	e0815
e0816	rel_F	e0817
e0817	rel_G	e0818
e0819	rel_F	e0820
e0820	rel_G	e0821
e0822	rel_F	e0823
e0823	rel_G	e0824
e0825	rel_F	e0826
e0826	rel_G	e0827
e0828	rel_F	e0829
e0829	rel_G	e0830
e0831	rel_F	e0832
e0832	rel_G	e0833
e0834	rel_F	e0835
e0835	rel_G	e0836
e0837	rel_F	e0838
e0838	rel_G	e0839
e0840	rel_F	e0841
e0841	rel_G	e0842
e0843	rel_F	e0844
e0844	rel_G	e0845
e0846	rel_F	e0847
e0847	rel_G	e0848
e0849	rel_F	e0850
e0850	rel_G	e0851
e0852	rel_F	e0853
e0853	rel_G	e0854
e0855	rel_F	e0856
e0856	rel_G	e0857
e0858	rel_F	e0859
e0859	rel_G	e0860
e0861	rel_F	e0862
e0862	rel_G	e0863
e0864	rel_F	e0865
e0865	rel_G	e0866
e0867	rel_F	e0868
e0868	rel_G	e0869
e0870	rel_F	e0871
e0871	rel_G	e0872
e0873	rel_F	e0874
e0874	rel_G	e0875
e0876	rel_F	e0877
e0877	rel_G	e0878
e0879	rel_F	e0880
e0880	rel_G	e0881
e0882	rel_F	e0883
e0883	rel_G	e0884
e0885	rel_F	e0886
e0886	rel_G	e0887
e0888	rel_F	e0889
e0889	rel_G	e0890
e0891	rel_F	e0892
e0892	rel_G	e0893
e0894	rel_F	e0895
e0895	rel_G	e0896
e0897	rel_F	e0898
e0898	rel_G	e0899
e0900	rel_I	e0901
e0901	rel_J	e0902
e0903	rel_I	e0904
e0904	rel_J	e0905
e0906	rel_I	e0907
e0907	rel_J	e0908
e0909	rel_I	e0910
e0910	rel_J	e0911
e0912	rel_I	e0913
e0913	rel_J	e0914
e0915	rel_I	e0916
e0916	rel_J	e0917
e0918	rel_I	e0919
e0919	rel_J	e0920
e0921	rel_I	e0922
e0922	rel_J	e0923
e0924	rel_I	e0925
e0925	rel_J	e0926
e0927	rel_I	e0928
e0928	rel_J	e0929
e0930	rel_I	e0931
e0931	rel_J	e0932
e0933	rel_I	e0934
e0934	rel_J	e0935
e0936	rel_I	e0937
e0937	rel_J	e0938
e0939	rel_I	e0940
e0940	rel_J	e0941
e0942	rel_I	e0943
e0943	rel_J	e0944
e0945	rel_I	e0946
e0946	rel_J	e0947
e0948	rel_I	e0949
e0949	rel_J	e0950
e0951	rel_I	e0952
e0952	rel_J	e0953
e0954	rel_I	e0955
e0955	rel_J	e0956
e0957	rel_I	e0958
e0958	rel_J	e0959
e0960	rel_I	e0961
e0961	rel_J	e0962
e0963	rel_I	e0964
e0964	rel_J	e0965
e0966	rel_I	e0967
e0967	rel_J	e0968
e0969	rel_I	e0970
e0970	rel_J	e0971
e0972	rel_I	e0973
e0973	rel_J	e0974
e0975	rel_I	e0976
e0976	rel_J	e0977
e0978	rel_I	e0979
e0979	rel_J	e0980
e0981	rel_I	e0982
e0982	rel_J	e0983
e0984	rel_I	e0985
e0985	rel_J	e0986
e0987	rel_I	e0988
e0988	rel_J	e0989
e0990	rel_I	e0991
e0991	rel_J	e0992
e0993	rel_I	e0994
e0994	rel_J	e0995
e0996	rel_I	e0997
e0997	rel_J	e0998
e0999	rel_I	e1000
e1000	rel_J	e1001
e1002	rel_I	e1003
e1003	rel_J	e1004
e1005	rel_I	e1006
e1006	rel_J	e1007
e1008	rel_I	e1009
e1009	rel_J	e1010
e1011	rel_I	e1012
e1012	rel_J	e1013
e1014	rel_I	e1015
e1015	rel_J	e1016
e1017	rel_I	e1018
e1018	rel_J	e1019
e1020	rel_I	e1021
e1021	rel_J	e1022
e1023	rel_I	e1024
e1024	rel_J	e1025
e1026	rel_I	e1027
e1027	rel_J	e1028
e1029	rel_I	e1030
e1030	rel_J	e1031
e1032	rel_I	e1033
e1033	rel_J	e1034
e1035	rel_I	e1036
e1036	rel_J	e1037
e1038	rel_I	e1039
e1039	rel_J	e1040
e1041	rel_I	e1042
e1042	rel_J	e1043
e1044	rel_I	e1045
e1045	rel_J	e1046
e1047	rel_I	e1048
e1048	rel_J	e1049
e1050	rel_I	e1051
e1051	rel_J	e1052
e1053	rel_I	e1054
e1054	rel_J	e1055
e1056	rel_I	e1057
e1057	rel_J	e1058
e1059	rel_I	e1060
e1060	rel_J	e1061
e1062	rel_I	e1063
e1063	rel_J	e1064
e1065	rel_I	e1066
e1066	rel_J	e1067
e1068	rel_I	e1069
e1069	rel_J	e1070
e1071	rel_I	e1072
e1072	rel_J	e1073
e1074	rel_I	e1075
e1075	rel_J	e1076
e1077	rel_I	e1078
e1078	rel_J	e1079
e1080	rel_I	e1081
e1081	rel_J	e1082
e1083	rel_I	e1084
e1084	rel_J	e1085
e1086	rel_I	e1087
e1087	rel_J	e1088
e1089	rel_I	e1090
e1090	rel_J	e1091
e1092	rel_I	e1093
e1093	rel_J	e1094
e1095	rel_I	e1096
e1096	rel_J	e1097
e1098	rel_I	e1099
e1099	rel_J	e1100
e1101	rel_I	e1102
e1102	rel_J	e1103
e1104	rel_I	e1105
e1105	rel_J	e1106
e1107	rel_I	e1108
e1108	rel_J	e1109
e1110	rel_I	e1111
e1111	rel_J	e1112
e1113	rel_I	e1114
e1114	rel_J	e1115
e1116	rel_I	e1117
e1117	rel_J	e1118
e1119	rel_I	e1120
e1120	rel_J	e1121
e1122	rel_I	e1123
e1123	rel_J	e1124
e1125	rel_I	e1126
e1126	rel_J	e1127
e1128	rel_I	e1129
e1129	rel_J	e1130
e1131	rel_I	e1132
e1132	rel_J	e1133
e1134	rel_I	e1135
e1135	rel_J	e1136
e1137	rel_I	e1138
e1138	rel_J	e1139
e1140	rel_I	e1141
e1141	rel_J	e1142
e1143	rel_I	e1144
e1144	rel_J	e1145
e1146	rel_I	e1147
e1147	rel_J	e1148
e1149	rel_I	e1150
e1150	rel_J	e1151
e1152	rel_I	e1153
e1153	rel_J	e1154
e1155	rel_I	e1156
e1156	rel_J	e1157
e1158	rel_I	e1159
e1159	rel_J	e1160
e1161	rel_I	e1162
e1162	rel_J	e1163
e1164	rel_I	e1165
e1165	rel_J	e1166
e1167	rel_I	e1168
e1168	rel_J	e1169
e1170	rel_I	e1171
e1171	rel_J	e1172
e1173	rel_I	e1174
e1174	rel_J	e1175
e1176	rel_I	e1177
e1177	rel_J	e1178
e1179	rel_I	e1180
e1180	rel_J	e1181
e1182	rel_I	e1183
e1183	rel_J	e1184
e1185	rel_I	e1186
e1186	rel_J	e1187
e1188	rel_I	e1189
e1189	rel_J	e1190
e1191	rel_I	e1192
e1192	rel_J	e1193
e1194	rel_I	e1195
e1195	rel_J	e1196
e1197	rel_I	e1198
e1198	rel_J	e1199
