e0	father	e1
e2	father	e3
e4	father	e5
e6	father	e7
e8	father	e9
e10	father	e11
e12	father	e13
e14	father	e15
e16	father	e17
e18	father	e19
e20	father	e21
e22	father	e23
e24	father	e25
e26	father	e27
e28	father	e29
e30	father	e31
e32	father	e33
e34	father	e35
e36	father	e37
e38	father	e39
e40	father	e41
e42	father	e43
e44	father	e45
e46	father	e47
e48	father	e49
e50	father	e51
e52	father	e53
e54	father	e55
e56	father	e57
e58	father	e59
e60	father	e61
e62	father	e63
e64	father	e65
e66	father	e67
e68	father	e69
e70	father	e71
e72	father	e73
e74	father	e75
e76	father	e77
e78	father	e79
e80	father	e81
e82	father	e83
e84	father	e85
e86	father	e87
e88	father	e89
e90	father	e91
e92	father	e93
e94	father	e95
e96	father	e97
e98	father	e99
e100	father	e101
e102	father	e103
e104	father	e105
e106	father	e107
e108	father	e109
e110	father	e111
e112	father	e113
e114	father	e115
e116	father	e117
e118	father	e119
e120	father	e121
e122	father	e123
e124	father	e125
e126	father	e127
e128	father	e129
e130	father	e131
e132	father	e133
e134	father	e135
e136	father	e137
e138	father	e139
e140	father	e141
e142	father	e143
e144	father	e145
e146	father	e147
e148	father	e149
e150	father	e151
e152	father	e153
e154	father	e155
e156	father	e157
e158	father	e159
e160	father	e161
e162	father	e163
e164	father	e165
e166	father	e167
e168	father	e169
e170	father	e171
e172	father	e173
e174	father	e175
e176	father	e177
e178	father	e179
e180	father	e181
e182	father	e183
e184	father	e185
e186	father	e187
e188	father	e189
e190	father	e191
e192	father	e193
e194	father	e195
e196	father	e197
e198	father	e199
e200	father	e201
e202	father	e203
e204	father	e205
e206	father	e207
e208	father	e209
e210	father	e211
e212	father	e213
e214	father	e215
e216	father	e217
e218	father	e219
e220	father	e221
e222	father	e223
e224	father	e225
e226	father	e227
e228	father	e229
e230	father	e231
e232	father	e233
e234	father	e235
e236	father	e237
e238	father	e239
e240	father	e241
e242	father	e243
e244	father	e245
e246	father	e247
e248	father	e249
e250	father	e251
e252	father	e253
e254	father	e255
e256	father	e257
e258	father	e259
e260	father	e261
e262	father	e263
e264	father	e265
e266	father	e267
e268	father	e269
e270	father	e271
e272	father	e273
e274	father	e275
e276	father	e277
e278	father	e279
e280	father	e281
e282	father	e283
e284	father	e285
e286	father	e287
e288	father	e289
e290	father	e291
e292	father	e293
e294	father	e295
e296	father	e297
e298	father	e299
e300	father	e301
e302	father	e303
e304	father	e305
e306	father	e307
e308	father	e309
e310	father	e311
e312	father	e313
e314	father	e315
e316	father	e317
e318	father	e319
e320	father	e321
e322	father	e323
e324	father	e325
e326	father	e327
e328	father	e329
e330	father	e331
e332	father	e333
e334	father	e335
e336	father	e337
e338	father	e339
e340	father	e341
e342	father	e343
e344	father	e345
e346	father	e347
e348	father	e349
e350	father	e351
e352	father	e353
e354	father	e355
e356	father	e357
e358	father	e359
e360	father	e361
e362	father	e363
e364	father	e365
e366	father	e367
e368	father	e369
e370	father	e371
e372	father	e373
e374	father	e375
e376	father	e377
e378	father	e379
e380	father	e381
e382	father	e383
e384	father	e385
e386	father	e387
e388	father	e389
e390	father	e391
e392	father	e393
e394	father	e395
e396	father	e397
e398	father	e399
e400	father	e401
e402	father	e403
e404	father	e405
e406	father	e407
e408	father	e409
e410	father	e411
e412	father	e413
e414	father	e415
e416	father	e417
e418	father	e419
e420	father	e421
e422	father	e423
e424	father	e425
e426	father	e427
e428	father	e429
e430	father	e431
e432	father	e433
e434	father	e435
e436	father	e437
e438	father	e439
e440	father	e441
e442	father	e443
e444	father	e445
e446	father	e447
e448	father	e449
e450	father	e451
e452	father	e453
e454	father	e455
e456	father	e457
e458	father	e459
e460	father	e461
e462	father	e463
e464	father	e465
e466	father	e467
e468	father	e469
e470	father	e471
e472	father	e473
e474	father	e475
e476	father	e477
e478	father	e479
e480	father	e481
e482	father	e483
e484	father	e485
e486	father	e487
e488	father	e489
e490	father	e491
e492	father	e493
e494	father	e495
e496	father	e497
e498	father	e499
e500	father	e501
e502	father	e503
e504	father	e505
e506	father	e507
e508	father	e509
e510	father	e511
e512	father	e513
e514	father	e515
e516	father	e517
e518	father	e519
e520	father	e521
e522	father	e523
e524	father	e525
e526	father	e527
e528	father	e529
e530	father	e531
e532	father	e533
e534	father	e535
e536	father	e537
e538	father	e539
e540	father	e541
e542	father	e543
e544	father	e545
e546	father	e547
e548	father	e549
e550	father	e551
e552	father	e553
e554	father	e555
e556	father	e557
e558	father	e559
e560	father	e561
e562	father	e563
e564	father	e565
e566	father	e567
e568	father	e569
e570	father	e571
e572	father	e573
e574	father	e575
e576	father	e577
e578	father	e579
e580	father	e581
e582	father	e583
e584	father	e585
e586	father	e587
e588	father	e589
e590	father	e591
e592	father	e593
e594	father	e595
e596	father	e597
e598	father	e599
e600	father	e601
e602	father	e603
e604	father	e605
e606	father	e607
e608	father	e609
e610	father	e611
e612	father	e613
e614	father	e615
e616	father	e617
e618	father	e619
e620	father	e621
e622	father	e623
e624	father	e625
e626	father	e627
e628	father	e629
e630	father	e631
e632	father	e633
e634	father	e635
e636	father	e637
e638	father	e639
e640	father	e641
e642	father	e643
e644	father	e645
e646	father	e647
e648	father	e649
e650	father	e651
e652	father	e653
e654	father	e655
e656	father	e657
e658	father	e659
e660	father	e661
e662	father	e663
e664	father	e665
e666	father	e667
e668	father	e669
e670	father	e671
e672	father	e673
e674	father	e675
e676	father	e677
e678	father	e679
e680	father	e681
e682	father	e683
e684	father	e685
e686	father	e687
e688	father	e689
e690	father	e691
e692	father	e693
e694	father	e695
e696	father	e697
e698	father	e699
e700	father	e701
e702	father	e703
e704	father	e705
e706	father	e707
e708	father	e709
e710	father	e711
e712	father	e713
e714	father	e715
e716	father	e717
e718	father	e719
e720	father	e721
e722	father	e723
e724	father	e725
e726	father	e727
e728	father	e729
e730	father	e731
e732	father	e733
e734	father	e735
e736	father	e737
e738	father	e739
e740	father	e741
e742	father	e743
e744	father	e745
e746	father	e747
e748	father	e749
e750	father	e751
e752	father	e753
e754	father	e755
e756	father	e757
e758	father	e759
e760	father	e761
e762	father	e763
e764	father	e765
e766	father	e767
e768	father	e769
e770	father	e771
e772	father	e773
e774	father	e775
e776	father	e777
e778	father	e779
e780	father	e781
e782	father	e783
e784	father	e785
e786	father	e787
e788	father	e789
e790	father	e791
e792	father	e793
e794	father	e795
e796	father	e797
e798	father	e799
e800	father	e801
e802	father	e803
e804	father	e805
e806	father	e807
e808	father	e809
e810	father	e811
e812	father	e813
e814	father	e815
e816	father	e817
e818	father	e819
e820	father	e821
e822	father	e823
e824	father	e825
e826	father	e827
e828	father	e829
e830	father	e831
e832	father	e833
e834	father	e835
e836	father	e837
e838	father	e839
e840	father	e841
e842	father	e843
e844	father	e845
e846	father	e847
e848	father	e849
e850	father	e851
e852	father	e853
e854	father	e855
e856	father	e857
e858	father	e859
e860	father	e861
e862	father	e863
e864	father	e865
e866	father	e867
e868	father	e869
e870	father	e871
e872	father	e873
e874	father	e875
e876	father	e877
e878	father	e879
e880	father	e881
e882	father	e883
e884	father	e885
e886	father	e887
e888	father	e889
e890	father	e891
e892	father	e893
e894	father	e895
e896	father	e897
e898	father	e899
e900	father	e901
e902	father	e903
e904	father	e905
e906	father	e907
e908	father	e909
e910	father	e911
e912	father	e913
e914	father	e915
e916	father	e917
e918	father	e919
e920	father	e921
e922	father	e923
e924	father	e925
e926	father	e927
e928	father	e929
e930	father	e931
e932	father	e933
e934	father	e935
e936	father	e937
e938	father	e939
e940	father	e941
e942	father	e943
e944	father	e945
e946	father	e947
e948	father	e949
e950	father	e951
e952	father	e953
e954	father	e955
e956	father	e957
e958	father	e959
e960	father	e961
e962	father	e963
e964	father	e965
e966	father	e967
e968	father	e969
e970	father	e971
e972	father	e973
e974	father	e975
e976	father	e977
e978	father	e979
e980	father	e981
e982	father	e983
e984	father	e985
e986	father	e987
e988	father	e989
e990	father	e991
e992	father	e993
e994	father	e995
e996	father	e997
e998	father	e999
e1000	father	e1001
e1002	father	e1003
e1004	father	e1005
e1006	father	e1007
e1008	father	e1009
e1010	father	e1011
e1012	father	e1013
e1014	father	e1015
e1016	father	e1017
e1018	father	e1019
e1020	father	e1021
e1022	father	e1023
e1024	father	e1025
e1026	father	e1027
e1028	father	e1029
e1030	father	e1031
e1032	father	e1033
e1034	father	e1035
e1036	father	e1037
e1038	father	e1039
e1040	father	e1041
e1042	father	e1043
e1044	father	e1045
e1046	father	e1047
e1048	father	e1049
e1050	father	e1051
e1052	father	e1053
e1054	father	e1055
e1056	father	e1057
e1058	father	e1059
e1060	father	e1061
e1062	father	e1063
e1064	father	e1065
e1066	father	e1067
e1068	father	e1069
e1070	father	e1071
e1072	father	e1073
e1074	father	e1075
e1076	father	e1077
e1078	father	e1079
e1080	father	e1081
e1082	father	e1083
e1084	father	e1085
e1086	father	e1087
e1088	father	e1089
e1090	father	e1091
e1092	father	e1093
e1094	father	e1095
e1096	father	e1097
e1098	father	e1099
e1100	father	e1101
e1102	father	e1103
e1104	father	e1105
e1106	father	e1107
e1108	father	e1109
e1110	father	e1111
e1112	father	e1113
e1114	father	e1115
e1116	father	e1117
e1118	father	e1119
e1120	father	e1121
e1122	father	e1123
e1124	father	e1125
e1126	father	e1127
e1128	father	e1129
e1130	father	e1131
e1132	father	e1133
e1134	father	e1135
e1136	father	e1137
e1138	father	e1139
e1140	father	e1141
e1142	father	e1143
e1144	father	e1145
e1146	father	e1147
e1148	father	e1149
e1150	father	e1151
e1152	father	e1153
e1154	father	e1155
e1156	father	e1157
e1158	father	e1159
e1160	father	e1161
e1162	father	e1163
e1164	father	e1165
e1166	father	e1167
e1168	father	e1169
e1170	father	e1171
e1172	father	e1173
e1174	father	e1175
e1176	father	e1177
e1178	father	e1179
e1180	father	e1181
e1182	father	e1183
e1184	father	e1185
e1186	father	e1187
e1188	father	e1189
e1190	father	e1191
e1192	father	e1193
e1194	father	e1195
e1196	father	e1197
e1198	father	e1199
e1200	father	e1201
e1202	father	e1203
e1204	father	e1205
e1206	father	e1207
e1208	father	e1209
e1210	father	e1211
e1212	father	e1213
e1214	father	e1215
e1216	father	e1217
e1218	father	e1219
e1220	father	e1221
e1222	father	e1223
e1224	father	e1225
e1226	father	e1227
e1228	father	e1229
e1230	father	e1231
e1232	father	e1233
e1234	father	e1235
e1236	father	e1237
e1238	father	e1239
e1240	father	e1241
e1242	father	e1243
e1244	father	e1245
e1246	father	e1247
e1248	father	e1249
e1250	father	e1251
e1252	father	e1253
e1254	father	e1255
e1256	father	e1257
e1258	father	e1259
e1260	father	e1261
e1262	father	e1263
e1264	father	e1265
e1266	father	e1267
e1268	father	e1269
e1270	father	e1271
e1272	father	e1273
e1274	father	e1275
e1276	father	e1277
e1278	father	e1279
e1280	father	e1281
e1282	father	e1283
e1284	father	e1285
e1286	father	e1287
e1288	father	e1289
e1290	father	e1291
e1292	father	e1293
e1294	father	e1295
e1296	father	e1297
e1298	father	e1299
e1300	father	e1301
e1302	father	e1303
e1304	father	e1305
e1306	father	e1307
e1308	father	e1309
e1310	father	e1311
e1312	father	e1313
e1314	father	e1315
e1316	father	e1317
e1318	father	e1319
e1320	father	e1321
e1322	father	e1323
e1324	father	e1325
e1326	father	e1327
e1328	father	e1329
e1330	father	e1331
e1332	father	e1333
e1334	father	e1335
e1336	father	e1337
e1338	father	e1339
e1340	father	e1341
e1342	father	e1343
e1344	father	e1345
e1346	father	e1347
e1348	father	e1349
e1350	father	e1351
e1352	father	e1353
e1354	father	e1355
e1356	father	e1357
e1358	father	e1359
e1360	father	e1361
e1362	father	e1363
e1364	father	e1365
e1366	father	e1367
e1368	father	e1369
e1370	father	e1371
e1372	father	e1373
e1374	father	e1375
e1376	father	e1377
e1378	father	e1379
e1380	father	e1381
e1382	father	e1383
e1384	father	e1385
e1386	father	e1387
e1388	father	e1389
e1390	father	e1391
e1392	father	e1393
e1394	father	e1395
e1396	father	e1397
e1398	father	e1399
e1400	father	e1401
e1402	father	e1403
e1404	father	e1405
e1406	father	e1407
e1408	father	e1409
e1410	father	e1411
e1412	father	e1413
e1414	father	e1415
e1416	father	e1417
e1418	father	e1419
e1420	father	e1421
e1422	father	e1423
e1424	father	e1425
e1426	father	e1427
e1428	father	e1429
e1430	father	e1431
e1432	father	e1433
e1434	father	e1435
e1436	father	e1437
e1438	father	e1439
e1440	father	e1441
e1442	father	e1443
e1444	father	e1445
e1446	father	e1447
e1448	father	e1449
e1450	father	e1451
e1452	father	e1453
e1454	father	e1455
e1456	father	e1457
e1458	father	e1459
e1460	father	e1461
e1462	father	e1463
e1464	father	e1465
e1466	father	e1467
e1468	father	e1469
e1470	father	e1471
e1472	father	e1473
e1474	father	e1475
e1476	father	e1477
e1478	father	e1479
e1480	father	e1481
e1482	father	e1483
e1484	father	e1485
e1486	father	e1487
e1488	father	e1489
e1490	father	e1491
e1492	father	e1493
e1494	father	e1495
e1496	father	e1497
e1498	father	e1499
e1500	father	e1501
e1502	father	e1503
e1504	father	e1505
e1506	father	e1507
e1508	father	e1509
e1510	father	e1511
e1512	father	e1513
e1514	father	e1515
e1516	father	e1517
e1518	father	e1519
e1520	father	e1521
e1522	father	e1523
e1524	father	e1525
e1526	father	e1527
e1528	father	e1529
e1530	father	e1531
e1532	father	e1533
e1534	father	e1535
e1536	father	e1537
e1538	father	e1539
e1540	father	e1541
e1542	father	e1543
e1544	father	e1545
e1546	father	e1547
e1548	father	e1549
e1550	father	e1551
e1552	father	e1553
e1554	father	e1555
e1556	father	e1557
e1558	father	e1559
e1560	father	e1561
e1562	father	e1563
e1564	father	e1565
e1566	father	e1567
e1568	father	e1569
e1570	father	e1571
e1572	father	e1573
e1574	father	e1575
e1576	father	e1577
e1578	father	e1579
e1580	father	e1581
e1582	father	e1583
e1584	father	e1585
e1586	father	e1587
e1588	father	e1589
e1590	father	e1591
e1592	father	e1593
e1594	father	e1595
e1596	father	e1597
e1598	father	e1599
e1600	father	e1601
e1602	father	e1603
e1604	father	e1605
e1606	father	e1607
e1608	father	e1609
e1610	father	e1611
e1612	father	e1613
e1614	father	e1615
e1616	father	e1617
e1618	father	e1619
e1620	father	e1621
e1622	father	e1623
e1624	father	e1625
e1626	father	e1627
e1628	father	e1629
e1630	father	e1631
e1632	father	e1633
e1634	father	e1635
e1636	father	e1637
e1638	father	e1639
e1640	father	e1641
e1642	father	e1643
e1644	father	e1645
e1646	father	e1647
e1648	father	e1649
e1650	father	e1651
e1652	father	e1653
e1654	father	e1655
e1656	father	e1657
e1658	father	e1659
e1660	father	e1661
e1662	father	e1663
e1664	father	e1665
e1666	father	e1667
e1668	father	e1669
e1670	father	e1671
e1672	father	e1673
e1674	father	e1675
e1676	father	e1677
e1678	father	e1679
e1680	father	e1681
e1682	father	e1683
e1684	father	e1685
e1686	father	e1687
e1688	father	e1689
e1690	father	e1691
e1692	father	e1693
e1694	father	e1695
e1696	father	e1697
e1698	father	e1699
e1700	father	e1701
e1702	father	e1703
e1704	father	e1705
e1706	father	e1707
e1708	father	e1709
e1710	father	e1711
e1712	father	e1713
e1714	father	e1715
e1716	father	e1717
e1718	father	e1719
e1720	father	e1721
e1722	father	e1723
e1724	father	e1725
e1726	father	e1727
e1728	father	e1729
e1730	father	e1731
e1732	father	e1733
e1734	father	e1735
e1736	father	e1737
e1738	father	e1739
e1740	father	e1741
e1742	father	e1743
e1744	father	e1745
e1746	father	e1747
e1748	father	e1749
e1750	father	e1751
e1752	father	e1753
e1754	father	e1755
e1756	father	e1757
e1758	father	e1759
e1760	father	e1761
e1762	father	e1763
e1764	father	e1765
e1766	father	e1767
e1768	father	e1769
e1770	father	e1771
e1772	father	e1773
e1774	father	e1775
e1776	father	e1777
e1778	father	e1779
e1780	father	e1781
e1782	father	e1783
e1784	father	e1785
e1786	father	e1787
e1788	father	e1789
e1790	father	e1791
e1792	father	e1793
e1794	father	e1795
e1796	father	e1797
e1798	father	e1799
e1800	father	e1801
e1802	father	e1803
e1804	father	e1805
e1806	father	e1807
e1808	father	e1809
e1810	father	e1811
e1812	father	e1813
e1814	father	e1815
e1816	father	e1817
e1818	father	e1819
e1820	father	e1821
e1822	father	e1823
e1824	father	e1825
e1826	father	e1827
e1828	father	e1829
e1830	father	e1831
e1832	father	e1833
e1834	father	e1835
e1836	father	e1837
e1838	father	e1839
e1840	father	e1841
e1842	father	e1843
e1844	father	e1845
e1846	father	e1847
e1848	father	e1849
e1850	father	e1851
e1852	father	e1853
e1854	father	e1855
e1856	father	e1857
e1858	father	e1859
e1860	father	e1861
e1862	father	e1863
e1864	father	e1865
e1866	father	e1867
e1868	father	e1869
e1870	father	e1871
e1872	father	e1873
e1874	father	e1875
e1876	father	e1877
e1878	father	e1879
e1880	father	e1881
e1882	father	e1883
e1884	father	e1885
e1886	father	e1887
e1888	father	e1889
e1890	father	e1891
e1892	father	e1893
e1894	father	e1895
e1896	father	e1897
e1898	father	e1899
e1900	father	e1901
e1902	father	e1903
e1904	father	e1905
e1906	father	e1907
e1908	father	e1909
e1910	father	e1911
e1912	father	e1913
e1914	father	e1915
e1916	father	e1917
e1918	father	e1919
e1920	father	e1921
e1922	father	e1923
e1924	father	e1925
e1926	father	e1927
e1928	father	e1929
e1930	father	e1931
e1932	father	e1933
e1934	father	e1935
e1936	father	e1937
e1938	father	e1939
e1940	father	e1941
e1942	father	e1943
e1944	father	e1945
e1946	father	e1947
e1948	father	e1949
e1950	father	e1951
e1952	father	e1953
e1954	father	e1955
e1956	father	e1957
e1958	father	e1959
e1960	father	e1961
e1962	father	e1963
e1964	father	e1965
e1966	father	e1967
e1968	father	e1969
e1970	father	e1971
e1972	father	e1973
e1974	father	e1975
e1976	father	e1977
e1978	father	e1979
e1980	father	e1981
e1982	father	e1983
e1984	father	e1985
e1986	father	e1987
e1988	father	e1989
e1990	father	e1991
e1992	father	e1993
e1994	father	e1995
e1996	father	e1997
e1998	father	e1999
e2000	father	e2001
e2002	father	e2003
e2004	father	e2005
e2006	father	e2007
e2008	father	e2009
e2010	father	e2011
e2012	father	e2013
e2014	father	e2015
e2016	father	e2017
e2018	father	e2019
e2020	father	e2021
e2022	father	e2023
e2024	father	e2025
e2026	father	e2027
e2028	father	e2029
e2030	father	e2031
e2032	father	e2033
e2034	father	e2035
e2036	father	e2037
e2038	father	e2039
e2040	father	e2041
e2042	father	e2043
e2044	father	e2045
e2046	father	e2047
